# --------------------------------------------------
# nrow : 181
# ncol : 4
# comment : List of awral grid files
# time_generated : 2020-05-19 17:27:08
# author : jlerat
# source_file : /home/jlerat/Code/geofab_processing/scripts/compute_grids_drainage+basins+state.py
# work_dir : /home/jlerat/Code/geofab_processing
# python_environment : posix
# python_version : 3.7.6 (default, Jan  8 2020, 19:59:22)  [GCC 7.3.0]
# pandas_version : 0.25.2
# numpy_version : 1.16.2
# python_inc : /home/jlerat/anaconda3/envs/julenv/include/python3.7m
# python_lib : /home/jlerat/anaconda3/envs/julenv/lib/python3.7/site-packages
# --------------------------------------------------
name_long,name_short,grid_file,entity_type
Carpentaria Coast,carpentaria_coast,grid_drainage[carpentaria_coast].bil,drainage
Pilbara-Gascoyne,pilbara_gascoyne,grid_drainage[pilbara_gascoyne].bil,drainage
Lake Eyre Basin,lake_eyre,grid_drainage[lake_eyre].bil,drainage
Murray-Darling Basin,murray_darling,grid_drainage[murray_darling].bil,drainage
North East Coast,north_east_coast,grid_drainage[north_east_coast].bil,drainage
North Western Plateau,north_western_plateau,grid_drainage[north_western_plateau].bil,drainage
South Australian Gulf,south_australian_gulf,grid_drainage[south_australian_gulf].bil,drainage
South East Coast (Victoria),south_east_coast_victoria,grid_drainage[south_east_coast_victoria].bil,drainage
South West Coast,south_west_coast,grid_drainage[south_west_coast].bil,drainage
South Western Plateau,south_western_plateau,grid_drainage[south_western_plateau].bil,drainage
Tasmania,tasmania,grid_drainage[tasmania].bil,drainage
Tanami-Timor Sea Coast,tanami_timor_sea_coast,grid_drainage[tanami_timor_sea_coast].bil,drainage
South East Coast (Nsw),south_east_coast_nsw,grid_drainage[south_east_coast_nsw].bil,drainage
Avoca River,avoca,grid_river[avoca].bil,river
Condamine-Culgoa Rivers,condamine_culgoa,grid_river[condamine_culgoa].bil,river
Border Rivers,border,grid_river[border].bil,river
Broken River,broken,grid_river[broken].bil,river
Campaspe River,campaspe,grid_river[campaspe].bil,river
Castlereagh River,castlereagh,grid_river[castlereagh].bil,river
Billabong-Yanco Creeks,billabong_yanco_creeks,grid_river[billabong_yanco_creeks].bil,river
Goulburn River,goulburn,grid_river[goulburn].bil,river
Kiewa River,kiewa,grid_river[kiewa].bil,river
Lachlan River,lachlan,grid_river[lachlan].bil,river
Loddon River,loddon,grid_river[loddon].bil,river
Lower Murray River,lower_murray,grid_river[lower_murray].bil,river
Macquarie-Bogan Rivers,macquarie_bogan,grid_river[macquarie_bogan].bil,river
Lower Mallee,lower_mallee,grid_river[lower_mallee].bil,river
Moonie River,moonie,grid_river[moonie].bil,river
Murrumbidgee River,murrumbidgee,grid_river[murrumbidgee].bil,river
Namoi River,namoi,grid_river[namoi].bil,river
Ovens River,ovens,grid_river[ovens].bil,river
Paroo River,paroo,grid_river[paroo].bil,river
Upper Murray River,upper_murray,grid_river[upper_murray].bil,river
Warrego River,warrego,grid_river[warrego].bil,river
Wimmera River,wimmera,grid_river[wimmera].bil,river
Jacky Jacky Creek,jacky_jacky_creek,grid_river[jacky_jacky_creek].bil,river
Tweed River,tweed,grid_river[tweed].bil,river
Flinders-Cape Barren Islands,flinders_cape_barren_islands,grid_river[flinders_cape_barren_islands].bil,river
Fleurieu Peninsula,fleurieu_peninsula,grid_river[fleurieu_peninsula].bil,river
Esperance Coast,esperance_coast,grid_river[esperance_coast].bil,river
Cape Leveque Coast,cape_leveque_coast,grid_river[cape_leveque_coast].bil,river
Gairdner,gairdner,grid_river[gairdner].bil,river
Barron River,barron,grid_river[barron].bil,river
Hunter River,hunter,grid_river[hunter].bil,river
Pieman River,pieman,grid_river[pieman].bil,river
Settlement Creek,settlement_creek,grid_river[settlement_creek].bil,river
Busselton Coast,busselton_coast,grid_river[busselton_coast].bil,river
De Grey River,de_grey,grid_river[de_grey].bil,river
Mulgrave-Russell Rivers,mulgrave_russell,grid_river[mulgrave_russell].bil,river
Macquarie-Tuggerah Lakes,macquarie_tuggerah_lakes,grid_river[macquarie_tuggerah_lakes].bil,river
Spencer Gulf,spencer_gulf,grid_river[spencer_gulf].bil,river
Sandy Cape Coast,sandy_cape_coast,grid_river[sandy_cape_coast].bil,river
Mornington Island,mornington_island,grid_river[mornington_island].bil,river
Victoria River-Wiso,victoria_river_wiso,grid_river[victoria_river_wiso].bil,river
Johnstone River,johnstone,grid_river[johnstone].bil,river
Eyre Peninsula,eyre_peninsula,grid_river[eyre_peninsula].bil,river
Fitzmaurice River,fitzmaurice,grid_river[fitzmaurice].bil,river
King Island,king_island,grid_river[king_island].bil,river
Tully-Murray Rivers,tully_murray,grid_river[tully_murray].bil,river
Kangaroo Island,kangaroo_island,grid_river[kangaroo_island].bil,river
Sydney Coast-Georges River,sydney_coast_georges,grid_river[sydney_coast_georges].bil,river
Wollongong Coast,wollongong_coast,grid_river[wollongong_coast].bil,river
Morning Inlet,morning_inlet,grid_river[morning_inlet].bil,river
Murray River (Wa),murray_river_wa,grid_river[murray_river_wa].bil,river
Daly River,daly,grid_river[daly].bil,river
Forth River,forth,grid_river[forth].bil,river
Hinchinbrook Island,hinchinbrook_island,grid_river[hinchinbrook_island].bil,river
Shoalhaven River,shoalhaven,grid_river[shoalhaven].bil,river
Finniss River,finniss,grid_river[finniss].bil,river
Mersey River,mersey,grid_river[mersey].bil,river
Herbert River,herbert,grid_river[herbert].bil,river
Clyde River-Jervis Bay,clyde_river_jervis_bay,grid_river[clyde_river_jervis_bay].bil,river
Swan Coast-Avon River,swan_coast_avon,grid_river[swan_coast_avon].bil,river
Flinders-Norman Rivers,flinders_norman,grid_river[flinders_norman].bil,river
Rubicon River,rubicon,grid_river[rubicon].bil,river
Black River,black,grid_river[black].bil,river
Moruya River,moruya,grid_river[moruya].bil,river
Moore-Hill Rivers,moore_hill,grid_river[moore_hill].bil,river
Tamar River,tamar,grid_river[tamar].bil,river
Ross River,ross,grid_river[ross].bil,river
Tuross River,tuross,grid_river[tuross].bil,river
Haughton River,haughton,grid_river[haughton].bil,river
Bega River,bega,grid_river[bega].bil,river
Mitchell-Coleman Rivers (Qld),mitchell_coleman_rivers_qld,grid_river[mitchell_coleman_rivers_qld].bil,river
Wildman River,wildman,grid_river[wildman].bil,river
Brunswick River,brunswick,grid_river[brunswick].bil,river
Walker River,walker,grid_river[walker].bil,river
Myponga River,myponga,grid_river[myponga].bil,river
Fitzroy River (Wa),fitzroy_river_wa,grid_river[fitzroy_river_wa].bil,river
Diamantina-Georgina Rivers,diamantina_georgina,grid_river[diamantina_georgina].bil,river
Murchison River,murchison,grid_river[murchison].bil,river
Nullarbor,nullarbor,grid_river[nullarbor].bil,river
Burdekin River,burdekin,grid_river[burdekin].bil,river
Towamba River,towamba,grid_river[towamba].bil,river
South Alligator River,south_alligator,grid_river[south_alligator].bil,river
Don River,don,grid_river[don].bil,river
East Gippsland,east_gippsland,grid_river[east_gippsland].bil,river
Holroyd River,holroyd,grid_river[holroyd].bil,river
Proserpine River,proserpine,grid_river[proserpine].bil,river
Snowy River,snowy,grid_river[snowy].bil,river
Goomadeer River,goomadeer,grid_river[goomadeer].bil,river
Ward River,ward,grid_river[ward].bil,river
Liverpool River,liverpool,grid_river[liverpool].bil,river
O'Connell River,o'connell,grid_river[o'connell].bil,river
Mitchell-Thompson Rivers,mitchell_thompson,grid_river[mitchell_thompson].bil,river
Embley River,embley,grid_river[embley].bil,river
Pioneer River,pioneer,grid_river[pioneer].bil,river
Wenlock River,wenlock,grid_river[wenlock].bil,river
Goyder River,goyder,grid_river[goyder].bil,river
Ducie River,ducie,grid_river[ducie].bil,river
Styx River,styx,grid_river[styx].bil,river
Jardine River,jardine,grid_river[jardine].bil,river
Bunyip River,bunyip,grid_river[bunyip].bil,river
Yarra River,yarra,grid_river[yarra].bil,river
Richmond River,richmond,grid_river[richmond].bil,river
Roper River,roper,grid_river[roper].bil,river
Onkaparinga River,onkaparinga,grid_river[onkaparinga].bil,river
Coal River,coal,grid_river[coal].bil,river
Denmark River,denmark,grid_river[denmark].bil,river
Wooramel River,wooramel,grid_river[wooramel].bil,river
Cooper Creek-Bulloo River,cooper_creek_bulloo,grid_river[cooper_creek_bulloo].bil,river
Fitzroy River (Qld),fitzroy_river_qld,grid_river[fitzroy_river_qld].bil,river
Curtis Island,curtis_island,grid_river[curtis_island].bil,river
Moorabool River,moorabool,grid_river[moorabool].bil,river
Boyne River,boyne,grid_river[boyne].bil,river
Barwon River-Lake Corangamite,barwon_river_lake_corangamite,grid_river[barwon_river_lake_corangamite].bil,river
Otway Coast,otway_coast,grid_river[otway_coast].bil,river
Kolan River,kolan,grid_river[kolan].bil,river
Hopkins River,hopkins,grid_river[hopkins].bil,river
Portland Coast,portland_coast,grid_river[portland_coast].bil,river
Glenelg River,glenelg,grid_river[glenelg].bil,river
Millicent Coast,millicent_coast,grid_river[millicent_coast].bil,river
Stewart River,stewart,grid_river[stewart].bil,river
Clarence River,clarence,grid_river[clarence].bil,river
Towns River,towns,grid_river[towns].bil,river
Torrens River,torrens,grid_river[torrens].bil,river
Derwent River,derwent,grid_river[derwent].bil,river
Kent River,kent,grid_river[kent].bil,river
Isdell River,isdell,grid_river[isdell].bil,river
Gascoyne River,gascoyne,grid_river[gascoyne].bil,river
Lake Eyre,lake_eyre,grid_river[lake_eyre].bil,river
Salt Lake,salt_lake,grid_river[salt_lake].bil,river
Noosa River,noosa,grid_river[noosa].bil,river
Pine River,pine,grid_river[pine].bil,river
Brisbane River,brisbane,grid_river[brisbane].bil,river
South Coast,south_coast,grid_river[south_coast].bil,river
Bellinger River,bellinger,grid_river[bellinger].bil,river
Gawler River,gawler,grid_river[gawler].bil,river
Kingston Coast,kingston_coast,grid_river[kingston_coast].bil,river
Limmen Bight River,limmen_bight,grid_river[limmen_bight].bil,river
Frankland-Deep Rivers,frankland_deep,grid_river[frankland_deep].bil,river
Sandy Desert,sandy_desert,grid_river[sandy_desert].bil,river
Jeannie River,jeannie,grid_river[jeannie].bil,river
Macleay River,macleay,grid_river[macleay].bil,river
Wakefield River,wakefield,grid_river[wakefield].bil,river
Huon River,huon,grid_river[huon].bil,river
Shannon River,shannon,grid_river[shannon].bil,river
Ashburton River,ashburton,grid_river[ashburton].bil,river
Endeavour River,endeavour,grid_river[endeavour].bil,river
Hastings River,hastings,grid_river[hastings].bil,river
South-West Coast,south_west_coast,grid_river[south_west_coast].bil,river
Manning River,manning,grid_river[manning].bil,river
Daintree River,daintree,grid_river[daintree].bil,river
Lake Torrens-Mambray Coast,lake_torrens_mambray_coast,grid_river[lake_torrens_mambray_coast].bil,river
Gordon River,gordon,grid_river[gordon].bil,river
Donnelly River,donnelly,grid_river[donnelly].bil,river
Fortescue River,fortescue,grid_river[fortescue].bil,river
Mossman River,mossman,grid_river[mossman].bil,river
Karuah River,karuah,grid_river[karuah].bil,river
Calvert River,calvert,grid_river[calvert].bil,river
King-Henty Rivers,king_henty,grid_river[king_henty].bil,river
Blackwood River,blackwood,grid_river[blackwood].bil,river
Ord-Pentecost Rivers,ord_pentecost,grid_river[ord_pentecost].bil,river
Darling River,darling,grid_river[darling].bil,river
Queensland,QLD,grid_state[QLD].bil,state
Northern Territory,NT,grid_state[NT].bil,state
Western Australia,WA,grid_state[WA].bil,state
Victoria,VIC,grid_state[VIC].bil,state
New South Wales,NSW,grid_state[NSW].bil,state
South Australia,SA,grid_state[SA].bil,state
Tasmania,TAS,grid_state[TAS].bil,state
