# --------------------------------------------------
# nrow : 181
# ncol : 4
# comment : List of awral grid files
# time_generated : 2020-05-19 15:39:38
# author : jlerat
# source_file : /home/jlerat/Code/geofab_processing/scripts/compute_grids_drainage+basins+state.py
# work_dir : /home/jlerat/Code/geofab_processing
# python_environment : posix
# python_version : 3.7.6 (default, Jan  8 2020, 19:59:22)  [GCC 7.3.0]
# pandas_version : 0.25.2
# numpy_version : 1.16.2
# python_inc : /home/jlerat/anaconda3/envs/julenv/include/python3.7m
# python_lib : /home/jlerat/anaconda3/envs/julenv/lib/python3.7/site-packages
# --------------------------------------------------
name_long,name_short,grid_file,entity_type
Carpentaria Coast,carpentaria_coast,grid_drainage[carpentaria_coast].bil,drainage
Pilbara-Gascoyne,pilbara_gascoyne,grid_drainage[pilbara_gascoyne].bil,drainage
Lake Eyre Basin,lake_eyre_basin,grid_drainage[lake_eyre_basin].bil,drainage
Murray-Darling Basin,murray_darling_basin,grid_drainage[murray_darling_basin].bil,drainage
North East Coast,north_east_coast,grid_drainage[north_east_coast].bil,drainage
North Western Plateau,north_western_plateau,grid_drainage[north_western_plateau].bil,drainage
South Australian Gulf,south_australian_gulf,grid_drainage[south_australian_gulf].bil,drainage
South East Coast (Victoria),south_east_coast_victoria,grid_drainage[south_east_coast_victoria].bil,drainage
South West Coast,south_west_coast,grid_drainage[south_west_coast].bil,drainage
South Western Plateau,south_western_plateau,grid_drainage[south_western_plateau].bil,drainage
Tasmania,tasmania,grid_drainage[tasmania].bil,drainage
Tanami-Timor Sea Coast,tanami_timor_sea_coast,grid_drainage[tanami_timor_sea_coast].bil,drainage
South East Coast (Nsw),south_east_coast_nsw,grid_drainage[south_east_coast_nsw].bil,drainage
Avoca River,avoca_river,grid_river[avoca_river].bil,river
Condamine-Culgoa Rivers,condamine_culgoa_rivers,grid_river[condamine_culgoa_rivers].bil,river
Border Rivers,border_rivers,grid_river[border_rivers].bil,river
Broken River,broken_river,grid_river[broken_river].bil,river
Campaspe River,campaspe_river,grid_river[campaspe_river].bil,river
Castlereagh River,castlereagh_river,grid_river[castlereagh_river].bil,river
Billabong-Yanco Creeks,billabong_yanco_creeks,grid_river[billabong_yanco_creeks].bil,river
Goulburn River,goulburn_river,grid_river[goulburn_river].bil,river
Kiewa River,kiewa_river,grid_river[kiewa_river].bil,river
Lachlan River,lachlan_river,grid_river[lachlan_river].bil,river
Loddon River,loddon_river,grid_river[loddon_river].bil,river
Lower Murray River,lower_murray_river,grid_river[lower_murray_river].bil,river
Macquarie-Bogan Rivers,macquarie_bogan_rivers,grid_river[macquarie_bogan_rivers].bil,river
Lower Mallee,lower_mallee,grid_river[lower_mallee].bil,river
Moonie River,moonie_river,grid_river[moonie_river].bil,river
Murrumbidgee River,murrumbidgee_river,grid_river[murrumbidgee_river].bil,river
Namoi River,namoi_river,grid_river[namoi_river].bil,river
Ovens River,ovens_river,grid_river[ovens_river].bil,river
Paroo River,paroo_river,grid_river[paroo_river].bil,river
Upper Murray River,upper_murray_river,grid_river[upper_murray_river].bil,river
Warrego River,warrego_river,grid_river[warrego_river].bil,river
Wimmera River,wimmera_river,grid_river[wimmera_river].bil,river
Jacky Jacky Creek,jacky_jacky_creek,grid_river[jacky_jacky_creek].bil,river
Tweed River,tweed_river,grid_river[tweed_river].bil,river
Flinders-Cape Barren Islands,flinders_cape_barren_islands,grid_river[flinders_cape_barren_islands].bil,river
Fleurieu Peninsula,fleurieu_peninsula,grid_river[fleurieu_peninsula].bil,river
Esperance Coast,esperance_coast,grid_river[esperance_coast].bil,river
Cape Leveque Coast,cape_leveque_coast,grid_river[cape_leveque_coast].bil,river
Gairdner,gairdner,grid_river[gairdner].bil,river
Barron River,barron_river,grid_river[barron_river].bil,river
Hunter River,hunter_river,grid_river[hunter_river].bil,river
Pieman River,pieman_river,grid_river[pieman_river].bil,river
Settlement Creek,settlement_creek,grid_river[settlement_creek].bil,river
Busselton Coast,busselton_coast,grid_river[busselton_coast].bil,river
De Grey River,de_grey_river,grid_river[de_grey_river].bil,river
Mulgrave-Russell Rivers,mulgrave_russell_rivers,grid_river[mulgrave_russell_rivers].bil,river
Macquarie-Tuggerah Lakes,macquarie_tuggerah_lakes,grid_river[macquarie_tuggerah_lakes].bil,river
Spencer Gulf,spencer_gulf,grid_river[spencer_gulf].bil,river
Sandy Cape Coast,sandy_cape_coast,grid_river[sandy_cape_coast].bil,river
Mornington Island,mornington_island,grid_river[mornington_island].bil,river
Victoria River-Wiso,victoria_river_wiso,grid_river[victoria_river_wiso].bil,river
Johnstone River,johnstone_river,grid_river[johnstone_river].bil,river
Eyre Peninsula,eyre_peninsula,grid_river[eyre_peninsula].bil,river
Fitzmaurice River,fitzmaurice_river,grid_river[fitzmaurice_river].bil,river
King Island,king_island,grid_river[king_island].bil,river
Tully-Murray Rivers,tully_murray_rivers,grid_river[tully_murray_rivers].bil,river
Kangaroo Island,kangaroo_island,grid_river[kangaroo_island].bil,river
Sydney Coast-Georges River,sydney_coast_georges_river,grid_river[sydney_coast_georges_river].bil,river
Wollongong Coast,wollongong_coast,grid_river[wollongong_coast].bil,river
Morning Inlet,morning_inlet,grid_river[morning_inlet].bil,river
Murray River (Wa),murray_river_wa,grid_river[murray_river_wa].bil,river
Daly River,daly_river,grid_river[daly_river].bil,river
Forth River,forth_river,grid_river[forth_river].bil,river
Hinchinbrook Island,hinchinbrook_island,grid_river[hinchinbrook_island].bil,river
Shoalhaven River,shoalhaven_river,grid_river[shoalhaven_river].bil,river
Finniss River,finniss_river,grid_river[finniss_river].bil,river
Mersey River,mersey_river,grid_river[mersey_river].bil,river
Herbert River,herbert_river,grid_river[herbert_river].bil,river
Clyde River-Jervis Bay,clyde_river_jervis_bay,grid_river[clyde_river_jervis_bay].bil,river
Swan Coast-Avon River,swan_coast_avon_river,grid_river[swan_coast_avon_river].bil,river
Flinders-Norman Rivers,flinders_norman_rivers,grid_river[flinders_norman_rivers].bil,river
Rubicon River,rubicon_river,grid_river[rubicon_river].bil,river
Black River,black_river,grid_river[black_river].bil,river
Moruya River,moruya_river,grid_river[moruya_river].bil,river
Moore-Hill Rivers,moore_hill_rivers,grid_river[moore_hill_rivers].bil,river
Tamar River,tamar_river,grid_river[tamar_river].bil,river
Ross River,ross_river,grid_river[ross_river].bil,river
Tuross River,tuross_river,grid_river[tuross_river].bil,river
Haughton River,haughton_river,grid_river[haughton_river].bil,river
Bega River,bega_river,grid_river[bega_river].bil,river
Mitchell-Coleman Rivers (Qld),mitchell_coleman_rivers_qld,grid_river[mitchell_coleman_rivers_qld].bil,river
Wildman River,wildman_river,grid_river[wildman_river].bil,river
Brunswick River,brunswick_river,grid_river[brunswick_river].bil,river
Walker River,walker_river,grid_river[walker_river].bil,river
Myponga River,myponga_river,grid_river[myponga_river].bil,river
Fitzroy River (Wa),fitzroy_river_wa,grid_river[fitzroy_river_wa].bil,river
Diamantina-Georgina Rivers,diamantina_georgina_rivers,grid_river[diamantina_georgina_rivers].bil,river
Murchison River,murchison_river,grid_river[murchison_river].bil,river
Nullarbor,nullarbor,grid_river[nullarbor].bil,river
Burdekin River,burdekin_river,grid_river[burdekin_river].bil,river
Towamba River,towamba_river,grid_river[towamba_river].bil,river
South Alligator River,south_alligator_river,grid_river[south_alligator_river].bil,river
Don River,don_river,grid_river[don_river].bil,river
East Gippsland,east_gippsland,grid_river[east_gippsland].bil,river
Holroyd River,holroyd_river,grid_river[holroyd_river].bil,river
Proserpine River,proserpine_river,grid_river[proserpine_river].bil,river
Snowy River,snowy_river,grid_river[snowy_river].bil,river
Goomadeer River,goomadeer_river,grid_river[goomadeer_river].bil,river
Ward River,ward_river,grid_river[ward_river].bil,river
Liverpool River,liverpool_river,grid_river[liverpool_river].bil,river
O'Connell River,o'connell_river,grid_river[o'connell_river].bil,river
Mitchell-Thompson Rivers,mitchell_thompson_rivers,grid_river[mitchell_thompson_rivers].bil,river
Embley River,embley_river,grid_river[embley_river].bil,river
Pioneer River,pioneer_river,grid_river[pioneer_river].bil,river
Wenlock River,wenlock_river,grid_river[wenlock_river].bil,river
Goyder River,goyder_river,grid_river[goyder_river].bil,river
Ducie River,ducie_river,grid_river[ducie_river].bil,river
Styx River,styx_river,grid_river[styx_river].bil,river
Jardine River,jardine_river,grid_river[jardine_river].bil,river
Bunyip River,bunyip_river,grid_river[bunyip_river].bil,river
Yarra River,yarra_river,grid_river[yarra_river].bil,river
Richmond River,richmond_river,grid_river[richmond_river].bil,river
Roper River,roper_river,grid_river[roper_river].bil,river
Onkaparinga River,onkaparinga_river,grid_river[onkaparinga_river].bil,river
Coal River,coal_river,grid_river[coal_river].bil,river
Denmark River,denmark_river,grid_river[denmark_river].bil,river
Wooramel River,wooramel_river,grid_river[wooramel_river].bil,river
Cooper Creek-Bulloo River,cooper_creek_bulloo_river,grid_river[cooper_creek_bulloo_river].bil,river
Fitzroy River (Qld),fitzroy_river_qld,grid_river[fitzroy_river_qld].bil,river
Curtis Island,curtis_island,grid_river[curtis_island].bil,river
Moorabool River,moorabool_river,grid_river[moorabool_river].bil,river
Boyne River,boyne_river,grid_river[boyne_river].bil,river
Barwon River-Lake Corangamite,barwon_river_lake_corangamite,grid_river[barwon_river_lake_corangamite].bil,river
Otway Coast,otway_coast,grid_river[otway_coast].bil,river
Kolan River,kolan_river,grid_river[kolan_river].bil,river
Hopkins River,hopkins_river,grid_river[hopkins_river].bil,river
Portland Coast,portland_coast,grid_river[portland_coast].bil,river
Glenelg River,glenelg_river,grid_river[glenelg_river].bil,river
Millicent Coast,millicent_coast,grid_river[millicent_coast].bil,river
Stewart River,stewart_river,grid_river[stewart_river].bil,river
Clarence River,clarence_river,grid_river[clarence_river].bil,river
Towns River,towns_river,grid_river[towns_river].bil,river
Torrens River,torrens_river,grid_river[torrens_river].bil,river
Derwent River,derwent_river,grid_river[derwent_river].bil,river
Kent River,kent_river,grid_river[kent_river].bil,river
Isdell River,isdell_river,grid_river[isdell_river].bil,river
Gascoyne River,gascoyne_river,grid_river[gascoyne_river].bil,river
Lake Eyre,lake_eyre,grid_river[lake_eyre].bil,river
Salt Lake,salt_lake,grid_river[salt_lake].bil,river
Noosa River,noosa_river,grid_river[noosa_river].bil,river
Pine River,pine_river,grid_river[pine_river].bil,river
Brisbane River,brisbane_river,grid_river[brisbane_river].bil,river
South Coast,south_coast,grid_river[south_coast].bil,river
Bellinger River,bellinger_river,grid_river[bellinger_river].bil,river
Gawler River,gawler_river,grid_river[gawler_river].bil,river
Kingston Coast,kingston_coast,grid_river[kingston_coast].bil,river
Limmen Bight River,limmen_bight_river,grid_river[limmen_bight_river].bil,river
Frankland-Deep Rivers,frankland_deep_rivers,grid_river[frankland_deep_rivers].bil,river
Sandy Desert,sandy_desert,grid_river[sandy_desert].bil,river
Jeannie River,jeannie_river,grid_river[jeannie_river].bil,river
Macleay River,macleay_river,grid_river[macleay_river].bil,river
Wakefield River,wakefield_river,grid_river[wakefield_river].bil,river
Huon River,huon_river,grid_river[huon_river].bil,river
Shannon River,shannon_river,grid_river[shannon_river].bil,river
Ashburton River,ashburton_river,grid_river[ashburton_river].bil,river
Endeavour River,endeavour_river,grid_river[endeavour_river].bil,river
Hastings River,hastings_river,grid_river[hastings_river].bil,river
South-West Coast,south_west_coast,grid_river[south_west_coast].bil,river
Manning River,manning_river,grid_river[manning_river].bil,river
Daintree River,daintree_river,grid_river[daintree_river].bil,river
Lake Torrens-Mambray Coast,lake_torrens_mambray_coast,grid_river[lake_torrens_mambray_coast].bil,river
Gordon River,gordon_river,grid_river[gordon_river].bil,river
Donnelly River,donnelly_river,grid_river[donnelly_river].bil,river
Fortescue River,fortescue_river,grid_river[fortescue_river].bil,river
Mossman River,mossman_river,grid_river[mossman_river].bil,river
Karuah River,karuah_river,grid_river[karuah_river].bil,river
Calvert River,calvert_river,grid_river[calvert_river].bil,river
King-Henty Rivers,king_henty_rivers,grid_river[king_henty_rivers].bil,river
Blackwood River,blackwood_river,grid_river[blackwood_river].bil,river
Ord-Pentecost Rivers,ord_pentecost_rivers,grid_river[ord_pentecost_rivers].bil,river
Darling River,darling_river,grid_river[darling_river].bil,river
Queensland,queensland,grid_state[queensland].bil,state
Northern Territory,northern_territory,grid_state[northern_territory].bil,state
Western Australia,western_australia,grid_state[western_australia].bil,state
Victoria,victoria,grid_state[victoria].bil,state
New South Wales,new_south_wales,grid_state[new_south_wales].bil,state
South Australia,south_australia,grid_state[south_australia].bil,state
Tasmania,tasmania,grid_state[tasmania].bil,state
